{
    "databricks": {
        "eggLibraries": [],
        "jarLibraries": [],
        "mavenLibraries": [],
        "pypiLibraries": [],
        "rcranLibraries": []
    },
    "docker": {
        "arguments": [],
        "baseDockerfile": null,
        "baseImage": "mcr.microsoft.com/azureml/base:intelmpi2018.3-ubuntu16.04",
        "baseImageRegistry": {
            "address": null,
            "password": null,
            "username": null
        },
        "enabled": false,
        "sharedVolumes": true,
        "shmSize": "2g"
    },
    "environmentVariables": {
        "EXAMPLE_ENV_VAR": "EXAMPLE_VALUE"
    },
    "inferencingStackVersion": null,
    "name": "AzureML-Designer-R",
    "python": {
        "baseCondaEnvironment": null,
        "condaDependencies": {
            "channels": [
                "conda-forge"
            ],
            "dependencies": [
                "python=3.6.8",
                "r-caret=6.0",
                "r-catools=1.17.1",
                "r-cluster=2.1.0",
                "r-dplyr=0.8.5",
                "r-e1071=1.7",
                "r-forcats=0.5.0",
                "r-glmnet=2.0",
                "r-matrix=1.2",
                "r-mgcv=1.8",
                "r-nlme=3.1",
                "r-nnet=7.3",
                "r-plyr=1.8.6",
                "r-randomforest=4.6",
                "r-reticulate=1.12",
                "r-rocr=1.0",
                "r-rpart=4.1",
                "r-stringr=1.4.0",
                "r-tidyverse=1.2.1",
                "r-timedate=3043.102",
                "r-tseries=0.10",
                "r=3.5.1",
                {
                    "pip": [
                        "azureml-designer-classic-modules==0.0.119"
                    ]
                }
            ],
            "name": "project_environment"
        },
        "condaDependenciesFile": null,
        "interpreterPath": "python",
        "userManagedDependencies": false
    },
    "r": null,
    "spark": {
        "packages": [],
        "precachePackages": true,
        "repositories": []
    },
    "version": null
}