{
    "entryScript": "score.py",
    "sourceDirectory": ".",
    "environment": {
        "docker": {
            "arguments": [],
            "baseDockerfile": null,
            "baseImage": "mcr.microsoft.com/azureml/base:intelmpi2018.3-ubuntu16.04",
            "enabled": false,
            "sharedVolumes": true,
            "shmSize": null
        },
        "environmentVariables": {
            "EXAMPLE_ENV_VAR": "EXAMPLE_VALUE"
        },
        "name": "my-deploy-env",
        "python": {
            "baseCondaEnvironment": null,
            "condaDependencies": {
                "channels": [
                    "conda-forge"
                ],
                "dependencies": [
                    "python=3.6.2",
                    {
                        "pip": [
                            "azureml-defaults",
                            "numpy",
                            "scikit-learn",
                            "inference-schema[numpy-support]"
                        ]
                    }
                ],
                "name": "project_environment"
            },
            "condaDependenciesFile": null,
            "interpreterPath": "python",
            "userManagedDependencies": false
        },
        "version": "1"
    }
}
