{
    "databricks": {
        "eggLibraries": [],
        "jarLibraries": [],
        "mavenLibraries": [],
        "pypiLibraries": [],
        "rcranLibraries": []
    },
    "docker": {
        "arguments": [],
        "baseDockerfile": null,
        "baseImage": "mcr.microsoft.com/azureml/base:intelmpi2018.3-ubuntu16.04",
        "baseImageRegistry": {
            "address": null,
            "password": null,
            "username": null
        },
        "enabled": false,
        "sharedVolumes": true,
        "shmSize": null
    },
    "environmentVariables": {
        "EXAMPLE_ENV_VAR": "EXAMPLE_VALUE"
    },
    "inferencingStackVersion": null,
    "name": "AzureML-Minimal",
    "python": {
        "baseCondaEnvironment": null,
        "condaDependencies": {
            "channels": [
                "conda-forge"
            ],
            "dependencies": [
                "python=3.6.2",
                {
                    "pip": [
                        "azureml-core",
                        "azureml-defaults"
                    ]
                }
            ],
            "name": "project_environment"
        },
        "condaDependenciesFile": null,
        "interpreterPath": "python",
        "userManagedDependencies": false
    },
    "r": null,
    "spark": {
        "packages": [],
        "precachePackages": true,
        "repositories": []
    },
    "version": null
}