{
    "databricks": {
        "eggLibraries": [],
        "jarLibraries": [],
        "mavenLibraries": [],
        "pypiLibraries": [],
        "rcranLibraries": []
    },
    "docker": {
        "arguments": [],
        "baseDockerfile": "FROM mcr.microsoft.com/azureml/base-gpu:intelmpi2018.3-cuda10.0-cudnn7-ubuntu16.04\nUSER root\nRUN mkdir -p /etc/OpenCL/vendors && echo \"libnvidia-opencl.so.1\" > /etc/OpenCL/vendors/nvidia.icd\nRUN apt-get update && echo 'success updated apt-get!'\nRUN apt-get install -y --no-install-recommends cmake libboost-dev libboost-system-dev libboost-filesystem-dev\nRUN printf 'name: gpuexp \\n\\\ndependencies: \\n\\\n- python=3.6.2 \\n\\\n- pip: \\n\\\n  - azureml-core==1.3.0 \\n\\\n  - azureml-pipeline-core==1.3.0 \\n\\\n  - azureml-telemetry==1.3.0 \\n\\\n  - azureml-defaults==1.3.0 \\n\\\n  - azureml-interpret==1.3.0 \\n\\\n  - azureml-explain-model==1.3.0 \\n\\\n  - azureml-automl-core==1.3.0 \\n\\\n  - azureml-automl-runtime==1.3.0 \\n\\\n  - azureml-train-automl-client==1.3.0 \\n\\\n  - azureml-train-automl-runtime==1.3.0 \\n\\\n  - inference-schema \\n\\\n  - pandas==0.23.4 \\n\\\n- numpy>=1.16.0,<=1.16.2 \\n\\\n- pandas>=0.21.0,<=0.23.4 \\n\\\n- py-xgboost<=0.90 \\n\\\n- fbprophet==0.5 \\n\\\n- setuptools-git \\n\\\nchannels: \\n\\\n- anaconda \\n\\\n- conda-forge \\n\\\n- pytorch \\n\\\n' >> env.yml\nRUN conda env create -f env.yml\n\n###############################\n# Pre-Build LightGBM\n###############################\nRUN cd /usr/local/src && mkdir lightgbm && cd lightgbm && \\\n    git clone --recursive --branch stable --depth 1 https://github.com/microsoft/LightGBM && \\\n\tcd LightGBM && mkdir build && cd build && \\\n\tcmake -DUSE_GPU=1 -DOpenCL_LIBRARY=/usr/local/cuda/lib64/libOpenCL.so -DOpenCL_INCLUDE_DIR=/usr/local/cuda/include/ .. && \\\n\tmake -j4\n\n###############################\n# Install GPU LightGBM and XgBoost\n###############################\nRUN /bin/bash -c \"source activate gpuexp && \\\n    cd /usr/local/src/lightgbm/LightGBM/python-package && python setup.py install --precompile && \\\n\tpip install --upgrade --no-deps --force-reinstall xgboost && \\ \n\tsource deactivate\"\n\n###############################\n# Set Env variable. TODO: This should be removed once MMS fix the interpreter path support.\n###############################\nENV PATH /opt/miniconda/envs/gpuexp/bin:$PATH\nENV AZUREML_CONDA_ENVIRONMENT_PATH /opt/miniconda/envs/gpuexp\nENV LD_LIBRARY_PATH /opt/miniconda/envs/gpuexp/lib:$LD_LIBRARY_PATH",
        "baseImage": null,
        "baseImageRegistry": {
            "address": null,
            "password": null,
            "username": null
        },
        "enabled": true,
        "sharedVolumes": true,
        "shmSize": null
    },
    "environmentVariables": {
        "EXAMPLE_ENV_VAR": "EXAMPLE_VALUE"
    },
    "inferencingStackVersion": null,
    "name": "AzureML-AutoML-GPU",
    "python": {
        "baseCondaEnvironment": null,
        "condaDependencies": {
            "channels": [
                "conda-forge"
            ],
            "dependencies": [
                "python=3.6.2"
            ],
            "name": "gpuexp"
        },
        "condaDependenciesFile": null,
        "interpreterPath": "/opt/miniconda/envs/gpuexp/bin/python",
        "userManagedDependencies": true
    },
    "r": null,
    "spark": {
        "packages": [],
        "precachePackages": true,
        "repositories": []
    },
    "version": null
}