{
    "databricks": {
        "eggLibraries": [],
        "jarLibraries": [],
        "mavenLibraries": [],
        "pypiLibraries": [],
        "rcranLibraries": []
    },
    "docker": {
        "arguments": [],
        "baseDockerfile": null,
        "baseImage": "mcr.microsoft.com/azureml/base:openmpi3.1.2-ubuntu18.04",
        "baseImageRegistry": {
            "address": null,
            "password": null,
            "username": null
        },
        "enabled": false,
        "sharedVolumes": true,
        "shmSize": null
    },
    "environmentVariables": {
        "EXAMPLE_ENV_VAR": "EXAMPLE_VALUE"
    },
    "inferencingStackVersion": null,
    "name": "AzureML-TensorFlow-2.0-CPU",
    "python": {
        "baseCondaEnvironment": null,
        "condaDependencies": {
            "channels": [
                "conda-forge"
            ],
            "dependencies": [
                "python=3.6.2",
                {
                    "pip": [
                        "azureml-core",
                        "azureml-defaults",
                        "azureml-telemetry",
                        "azureml-train-restclients-hyperdrive",
                        "azureml-train-core",
                        "tensorflow==2.0",
                        "horovod==0.18.1"
                    ]
                }
            ],
            "name": "project_environment"
        },
        "condaDependenciesFile": null,
        "interpreterPath": "python",
        "userManagedDependencies": false
    },
    "r": null,
    "spark": {
        "packages": [],
        "precachePackages": true,
        "repositories": []
    },
    "version": null
}